puzzle_id,engine_a_first_move_ok,engine_a_first_move_expected,engine_a_first_move_actual,engine_a_full_correct_moves,engine_a_total_expected_moves,engine_b_first_move_ok,engine_b_first_move_expected,engine_b_first_move_actual,engine_b_full_correct_moves,engine_b_total_expected_moves
00008,1,e6e7,e6e7,5,5,1,e6e7,e6e7,5,5
0000D,1,f8d8,f8d8,3,3,1,f8d8,f8d8,3,3
0008Q,1,f5e5,f5e5,3,3,1,f5e5,f5e5,3,3
0009B,1,e2g4,e2g4,3,3,1,e2g4,e2g4,3,3
000Pw,1,d4e2,d4e2,1,3,1,d4e2,d4e2,1,3
000Sa,1,e4c2,e4c2,3,3,1,e4c2,e4c2,3,3
000VW,1,d5c5,d5c5,1,5,1,d5c5,d5c5,5,5
000Vc,1,g6h5,g6h5,1,5,1,g6h5,g6h5,1,5
000Zo,1,e8e1,e8e1,3,3,1,e8e1,e8e1,3,3
000aY,1,a5c3,a5c3,3,3,1,a5c3,a5c3,3,3
000h0,1,f6f3,f6f3,7,7,1,f6f3,f6f3,7,7
000hf,1,e2e6,e2e6,3,3,1,e2e6,e2e6,3,3
000jr,1,f5d5,f5d5,5,5,1,f5d5,f5d5,5,5
000lC,1,d7d6,d7d6,1,3,1,d7d6,d7d6,3,3
000mr,1,f7f4,f7f4,3,3,1,f7f4,f7f4,1,3
000o3,1,d3d4,d3d4,1,3,1,d3d4,d3d4,1,3
000qP,1,f4f3,f4f3,5,5,1,f4f3,f4f3,5,5
000rO,1,e5c7,e5c7,3,3,1,e5c7,e5c7,3,3
000rZ,1,d6h2,d6h2,1,1,1,d6h2,d6h2,1,1
00143,1,d1h5,d1h5,3,3,1,d1h5,d1h5,3,3
0017R,1,d3c4,d3c4,5,5,1,d3c4,d3c4,5,5
0018P,1,f8e8,f8e8,1,11,1,f8e8,f8e8,5,11
0018S,1,d4a1,d4a1,3,3,1,d4a1,d4a1,1,3
001Fg,1,d4e2,d4e2,7,7,1,d4e2,d4e2,3,7
001Hi,1,f4f6,f4f6,5,5,1,f4f6,f4f6,5,5
001KR,1,f1f8,f1f8,1,1,0,f1f8,d1d8,0,1
001Oo,1,a2a4,a2a4,3,5,1,a2a4,a2a4,3,5
001Wz,1,d1d8,d1d8,3,3,1,d1d8,d1d8,3,3
001XA,1,b1b7,b1b7,5,5,1,b1b7,b1b7,5,5
001aK,1,f1e2,f1e2,3,5,1,f1e2,f1e2,3,5
001cr,1,d7e8,d7e8,1,1,1,d7e8,d7e8,1,1
001gi,1,a5c3,a5c3,1,1,1,a5c3,a5c3,1,1
001h8,1,h4h7,h4h7,5,5,1,h4h7,h4h7,5,5
001kG,1,d1h5,d1h5,3,3,1,d1h5,d1h5,3,3
001m3,1,h8h1,h8h1,3,3,1,h8h1,h8h1,3,3
001om,1,c5f2,c5f2,3,3,1,c5f2,c5f2,3,3
001pC,1,h3f2,h3f2,1,1,1,h3f2,h3f2,1,1
001u3,1,a6c8,a6c8,3,3,1,a6c8,a6c8,3,3
001uD,1,f3d2,f3d2,5,5,1,f3d2,f3d2,1,5
001w5,1,c2h7,c2h7,3,3,1,c2h7,c2h7,3,3
001wR,1,b4a5,b4a5,5,5,1,b4a5,b4a5,5,5
001wb,1,g6h5,g6h5,1,1,1,g6h5,g6h5,1,1
001wr,1,d6c5,d6c5,3,3,1,d6c5,d6c5,3,3
001xO,1,b6c5,b6c5,3,3,1,b6c5,b6c5,3,3
001xl,1,e7f7,e7f7,1,3,1,e7f7,e7f7,3,3
002CP,1,g6c2,g6c2,1,1,1,g6c2,g6c2,1,1
002Ds,1,b4b5,b4b5,1,5,1,b4b5,b4b5,3,5
002GQ,1,c3e2,c3e2,3,3,1,c3e2,c3e2,3,3
002HE,1,b8g3,b8g3,1,1,1,b8g3,b8g3,1,1
002Hv,1,g5f4,g5f4,1,7,1,g5f4,g5f4,3,7
002IE,1,d4e5,d4e5,3,3,1,d4e5,d4e5,3,3
002KJ,1,f3e5,f3e5,3,3,1,f3e5,f3e5,3,3
002LF,1,e3e5,e3e5,1,5,1,e3e5,e3e5,5,5
002LW,1,f5f6,f5f6,3,3,1,f5f6,f5f6,1,3
002Mm,1,h7h8,h7h8,3,3,1,h7h8,h7h8,3,3
002O7,1,e5g4,e5g4,3,3,1,e5g4,e5g4,3,3
002Q2,1,f5g3,f5g3,1,1,1,f5g3,f5g3,1,1
002Tf,1,e7b4,e7b4,3,3,1,e7b4,e7b4,3,3
002Ua,1,f6f4,f6f4,3,3,1,f6f4,f6f4,1,3
002Uy,1,h3c3,h3c3,5,5,1,h3c3,h3c3,5,5
002VP,1,d4f6,d4f6,1,3,1,d4f6,d4f6,1,3
002X3,1,g2a8,g2a8,3,3,1,g2a8,g2a8,3,3
002Z9,1,e7e8,e7e8,1,1,1,e7e8,e7e8,1,1
002bK,1,a3b5,a3b5,1,3,1,a3b5,a3b5,1,3
002e5,1,g4c4,g4c4,5,5,1,g4c4,g4c4,5,5
002e8,1,d2h6,d2h6,3,3,1,d2h6,d2h6,3,3
002mG,1,f8e8,f8e8,3,3,1,f8e8,f8e8,3,3
002p5,1,c2h7,c2h7,3,3,1,c2h7,c2h7,3,3
002rd,1,e2f4,e2f4,5,5,1,e2f4,e2f4,5,5
002uV,1,e6f5,e6f5,3,3,1,e6f5,e6f5,3,3
002vV,1,a1h1,a1h1,1,1,1,a1h1,a1h1,1,1
002xh,1,c5b5,c5b5,1,5,1,c5b5,c5b5,1,5
0030b,1,d1d8,d1d8,3,3,1,d1d8,d1d8,3,3
00347,1,h5h4,h5h4,3,3,1,h5h4,h5h4,3,3
0039T,1,b8b1,b8b1,1,5,1,b8b1,b8b1,1,5
003AX,1,c2h7,c2h7,1,1,1,c2h7,c2h7,1,1
003Ec,1,e5e3,e5e3,5,5,1,e5e3,e5e3,5,5
003IM,1,g3e1,g3e1,3,3,1,g3e1,g3e1,3,3
003IX,1,e4g3,e4g3,1,1,1,e4g3,e4g3,1,1
003Jb,1,e7g5,e7g5,3,3,1,e7g5,e7g5,3,3
003S3,1,g5e6,g5e6,3,3,1,g5e6,g5e6,3,3
003Tx,1,f3d2,f3d2,3,3,1,f3d2,f3d2,3,3
003UW,1,e2e4,e2e4,3,3,1,e2e4,e2e4,3,3
003YF,1,h4f2,h4f2,1,1,1,h4f2,h4f2,1,1
003aS,1,b3b2,b3b2,3,5,1,b3b2,b3b2,5,5
003cs,1,f1f8,f1f8,7,7,1,f1f8,f1f8,7,7
003eP,1,h1h8,h1h8,3,5,1,h1h8,h1h8,5,5
003if,1,e5h5,e5h5,3,5,1,e5h5,e5h5,5,5
003jH,1,e5d3,e5d3,1,5,1,e5d3,e5d3,1,5
003jb,1,d4a4,d4a4,1,3,1,d4a4,d4a4,1,3
003jv,1,d6f7,d6f7,1,3,1,d6f7,d6f7,1,3
003md,1,g3e4,g3e4,1,7,1,g3e4,g3e4,1,7
003mh,1,e1e8,e1e8,3,5,1,e1e8,e1e8,5,5
003nQ,1,f5g3,f5g3,3,3,1,f5g3,f5g3,3,3
003o0,1,d8a5,d8a5,3,3,1,d8a5,d8a5,3,3
003r5,1,b4d3,b4d3,3,3,1,b4d3,b4d3,3,3
003wQ,1,f6d6,f6d6,3,3,1,f6d6,f6d6,3,3
0040n,1,g3h2,g3h2,3,3,1,g3h2,g3h2,3,3
0042j,1,d2d8,d2d8,3,3,1,d2d8,d2d8,3,3
00465,1,f4f8,f4f8,1,1,1,f4f8,f4f8,1,1
0047P,1,b3b1,b3b1,1,5,1,b3b1,b3b1,3,5
0048h,1,e4e1,e4e1,3,5,1,e4e1,e4e1,5,5
004Ao,1,e8f7,e8f7,1,3,1,e8f7,e8f7,3,3
004Ax,1,e6h6,e6h6,1,5,1,e6h6,e6h6,1,5
004BW,1,d8e7,d8e7,1,3,1,d8e7,d8e7,1,3
004JD,1,a3c2,a3c2,1,1,1,a3c2,a3c2,1,1
004LZ,1,c3c2,c3c2,5,5,1,c3c2,c3c2,5,5
004Lu,1,d5d6,d5d6,3,5,1,d5d6,d5d6,5,5
004Op,1,d8d1,d8d1,7,7,1,d8d1,d8d1,7,7
004RF,1,g3g7,g3g7,5,5,1,g3g7,g3g7,5,5
004Ud,1,f1b5,f1b5,1,5,1,f1b5,f1b5,1,5
004WZ,1,c6h1,c6h1,1,1,1,c6h1,c6h1,1,1
004X6,1,b8b1,b8b1,3,3,1,b8b1,b8b1,3,3
004XI,1,b1b7,b1b7,3,3,1,b1b7,b1b7,3,3
004Ys,1,f4e3,f4e3,1,7,1,f4e3,f4e3,1,7
004b0,1,e7g5,e7g5,7,7,1,e7g5,e7g5,5,7
004d8,0,a6a7,f3g4,0,5,0,a6a7,f3g4,0,5
004iZ,1,g3g7,g3g7,1,1,1,g3g7,g3g7,1,1
004kB,1,f6f2,f6f2,5,5,1,f6f2,f6f2,5,5
004mT,1,f8a8,f8a8,1,3,1,f8a8,f8a8,1,3
004nd,1,e4f6,e4f6,1,3,1,e4f6,e4f6,1,3
004sY,1,c7d8,c7d8,3,3,1,c7d8,c7d8,1,3
004sg,1,c4d2,c4d2,5,5,1,c4d2,c4d2,3,5
004u0,1,d1d7,d1d7,3,3,1,d1d7,d1d7,3,3
004yJ,1,c6g2,c6g2,1,1,1,c6g2,c6g2,1,1
004zI,1,h6h8,h6h8,1,1,1,h6h8,h6h8,1,1
004zh,1,d1f1,d1f1,3,11,1,d1f1,d1f1,3,11
0050w,1,h3g3,h3g3,5,5,1,h3g3,h3g3,5,5
0054a,1,h5e5,h5e5,3,3,1,h5e5,h5e5,3,3
0055Y,1,f2e3,f2e3,3,3,1,f2e3,f2e3,3,3
005Bm,1,h4g6,h4g6,3,3,1,h4g6,h4g6,3,3
005Ep,1,d6d8,d6d8,1,1,1,d6d8,d6d8,1,1
005HG,1,d6e5,d6e5,3,5,1,d6e5,d6e5,5,5
005N7,1,a4a8,a4a8,3,3,1,a4a8,a4a8,3,3
005YM,1,b2f2,b2f2,3,5,1,b2f2,b2f2,3,5
005YX,1,f7e6,f7e6,3,3,1,f7e6,f7e6,1,3
005do,1,c1c7,c1c7,3,5,1,c1c7,c1c7,1,5
005f3,1,g3g6,g3g6,11,11,1,g3g6,g3g6,3,11
005gP,1,c5d5,c5d5,1,9,1,c5d5,c5d5,1,9
005jJ,1,d6e5,d6e5,3,3,1,d6e5,d6e5,3,3
005jR,1,b2b1q,b2b1q,5,5,1,b2b1q,b2b1q,5,5
005nD,1,c6e6,c6e6,3,3,1,c6e6,c6e6,3,3
005qG,1,c4d5,c4d5,5,5,1,c4d5,c4d5,5,5
005wJ,1,c7c1,c7c1,1,1,1,c7c1,c7c1,1,1
005ws,1,g6g5,g6g5,3,9,1,g6g5,g6g5,3,9
005wy,1,c6b4,c6b4,5,5,1,c6b4,c6b4,5,5
005x9,1,e2c2,e2c2,1,1,1,e2c2,e2c2,1,1
005xu,1,a4a7,a4a7,3,5,1,a4a7,a4a7,5,5
005yO,1,b2a3,b2a3,3,7,1,b2a3,b2a3,3,7
0061g,1,g3b8,g3b8,1,3,1,g3b8,g3b8,1,3
00656,1,h5h1,h5h1,1,1,1,h5h1,h5h1,1,1
0068B,1,d2d7,d2d7,3,3,1,d2d7,d2d7,3,3
0068D,1,f6h6,f6h6,1,7,1,f6h6,f6h6,1,7
006E1,1,f8e8,f8e8,7,7,1,f8e8,f8e8,7,7
006GK,1,g5d8,g5d8,1,1,1,g5d8,g5d8,1,1
006HV,1,b4b3,b4b3,3,3,1,b4b3,b4b3,3,3
006NL,1,e7c6,e7c6,9,9,1,e7c6,e7c6,9,9
006OI,1,f1g1,f1g1,1,3,1,f1g1,f1g1,3,3
006RM,1,b4c5,b4c5,5,5,1,b4c5,b4c5,3,5
006XF,1,h5f7,h5f7,5,5,1,h5f7,h5f7,5,5
006cZ,1,d2d3,d2d3,1,3,1,d2d3,d2d3,1,3
006fF,1,h4g4,h4g4,5,5,1,h4g4,h4g4,5,5
006i7,1,e7d6,e7d6,1,5,1,e7d6,e7d6,1,5
006ia,1,b2e2,b2e2,5,5,1,b2e2,b2e2,3,5
006of,1,d8d3,d8d3,1,5,1,d8d3,d8d3,1,5
006om,1,e4c5,e4c5,1,5,1,e4c5,e4c5,1,5
006pe,1,e7f5,e7f5,3,3,1,e7f5,e7f5,3,3
006wz,1,b1b2,b1b2,5,5,1,b1b2,b1b2,5,5
006yP,1,g8c8,g8c8,3,3,1,g8c8,g8c8,3,3
0071K,1,a6a7,a6a7,3,3,1,a6a7,a6a7,3,3
0071N,1,c2c8,c2c8,3,3,1,c2c8,c2c8,3,3
0072T,1,h4f2,h4f2,3,3,1,h4f2,h4f2,3,3
00734,1,d3f5,d3f5,3,3,1,d3f5,d3f5,1,3
00761,1,h7g7,h7g7,3,5,1,h7g7,h7g7,3,5
0078T,1,f7b7,f7b7,5,5,1,f7b7,f7b7,5,5
00798,1,g5h4,g5h4,3,3,1,g5h4,g5h4,3,3
007AH,1,c6g2,c6g2,1,1,1,c6g2,c6g2,1,1
007AS,1,b5d6,b5d6,3,3,1,b5d6,b5d6,3,3
007HB,1,e8e1,e8e1,1,1,1,e8e1,e8e1,1,1
007OE,1,d4d1,d4d1,5,5,1,d4d1,d4d1,5,5
007QU,1,g4h6,g4h6,1,1,1,g4h6,g4h6,1,1
007Rn,1,e8e1,e8e1,3,3,1,e8e1,e8e1,3,3
007XE,1,d8d1,d8d1,3,3,1,d8d1,d8d1,3,3
007bH,1,g4g7,g4g7,1,1,1,g4g7,g4g7,1,1
007c6,1,c4a6,c4a6,1,1,1,c4a6,c4a6,1,1
007eS,0,f7f5,e5h5,0,3,1,f7f5,f7f5,3,3
007en,1,c5c2,c5c2,5,5,1,c5c2,c5c2,5,5
007fJ,1,c3c2,c3c2,1,1,1,c3c2,c3c2,1,1
007gO,1,e5g5,e5g5,1,3,1,e5g5,e5g5,3,3
007hv,1,d4g1,d4g1,1,1,1,d4g1,d4g1,1,1
007ku,1,h8h5,h8h5,3,3,1,h8h5,h8h5,3,3
007mr,1,d5d1,d5d1,3,3,1,d5d1,d5d1,3,3
007tv,1,f3f7,f3f7,5,5,1,f3f7,f3f7,5,5
0082f,1,g3g7,g3g7,1,1,1,g3g7,g3g7,1,1
0088O,1,g2g5,g2g5,3,3,1,g2g5,g2g5,3,3
008D5,1,d1a4,d1a4,3,3,1,d1a4,d1a4,3,3
008EC,1,e7f7,e7f7,9,9,1,e7f7,e7f7,9,9
008GK,1,f1f8,f1f8,3,3,1,f1f8,f1f8,3,3
008LD,1,f3f1,f3f1,1,1,1,f3f1,f3f1,1,1
008LT,1,h6f7,h6f7,1,3,1,h6f7,h6f7,1,3
008Nz,1,d1d8,d1d8,1,1,1,d1d8,d1d8,1,1
008P4,1,d4b3,d4b3,3,3,1,d4b3,d4b3,3,3
008Sk,1,f1f2,f1f2,5,5,1,f1f2,f1f2,5,5
008Y3,1,d5f6,d5f6,3,3,1,d5f6,d5f6,3,3
008aL,1,b6b1,b6b1,3,3,1,b6b1,b6b1,3,3
008cl,1,h5h2,h5h2,1,1,1,h5h2,h5h2,1,1
008lc,1,h6g7,h6g7,5,5,1,h6g7,h6g7,5,5
008nF,1,f8e8,f8e8,1,3,1,f8e8,f8e8,1,3
008o6,0,a8f8,f1f8,0,1,1,a8f8,a8f8,1,1
008oX,1,c7c8,c7c8,3,3,1,c7c8,c7c8,3,3
008qL,1,a8d8,a8d8,1,3,1,a8d8,a8d8,1,3
008rw,1,h3c8,h3c8,1,1,1,h3c8,h3c8,1,1
008tL,1,e3e2,e3e2,3,3,1,e3e2,e3e2,3,3
0091A,1,e6f7,e6f7,5,5,1,e6f7,e6f7,5,5
0092V,1,b5c6,b5c6,5,5,1,b5c6,b5c6,5,5
0092z,1,f5f7,f5f7,3,3,1,f5f7,f5f7,3,3
0095W,1,f6e5,f6e5,1,3,1,f6e5,f6e5,1,3
009BH,1,e6h6,e6h6,3,3,1,e6h6,e6h6,3,3
009FP,1,c1g5,c1g5,1,3,1,c1g5,c1g5,3,3
009FS,1,e3c4,e3c4,1,3,1,e3c4,e3c4,1,3
009IO,1,f2f7,f2f7,3,3,1,f2f7,f2f7,3,3
009J1,1,g5h6,g5h6,1,1,1,g5h6,g5h6,1,1
009L0,1,c1d1,c1d1,1,1,1,c1d1,c1d1,1,1
009Os,1,h4f4,h4f4,5,5,1,h4f4,h4f4,5,5
009Wc,1,f6d7,f6d7,3,3,1,f6d7,f6d7,1,3
009XT,1,d6h2,d6h2,3,3,1,d6h2,d6h2,3,3
009YT,1,d1d8,d1d8,1,1,1,d1d8,d1d8,1,1
009aD,1,h5g4,h5g4,3,3,1,h5g4,h5g4,3,3
009bR,1,f2f8,f2f8,3,3,1,f2f8,f2f8,3,3
009bn,1,d6h2,d6h2,1,1,1,d6h2,d6h2,1,1
009eX,1,f4h4,f4h4,1,1,1,f4h4,f4h4,1,1
009f8,1,f3h4,f3h4,3,3,1,f3h4,f3h4,3,3
009fH,1,d4d1,d4d1,1,1,1,d4d1,d4d1,1,1
009hH,1,e5f3,e5f3,1,5,1,e5f3,e5f3,1,5
009lk,1,f3d1,f3d1,3,3,1,f3d1,f3d1,3,3
009oc,1,f8f4,f8f4,3,3,1,f8f4,f8f4,3,3
009tE,1,c6e7,c6e7,3,3,1,c6e7,c6e7,3,3
009uB,1,f2f8,f2f8,3,3,1,f2f8,f2f8,3,3
009wR,1,f2f1,f2f1,3,3,1,f2f1,f2f1,3,3
009zR,1,d2f3,d2f3,1,3,1,d2f3,d2f3,1,3
009zS,1,g4e2,g4e2,5,5,1,g4e2,g4e2,1,5
00A1H,1,f5f4,f5f4,3,3,1,f5f4,f5f4,3,3
00A5m,1,d3f5,d3f5,1,7,1,d3f5,d3f5,7,7
00A5v,1,e7e5,e7e5,3,3,1,e7e5,e7e5,3,3
00A8H,1,d1d8,d1d8,3,5,1,d1d8,d1d8,3,5
00A9Q,1,e4f2,e4f2,1,1,1,e4f2,e4f2,1,1
00AB1,1,h7h8,h7h8,3,3,1,h7h8,h7h8,3,3
00AEM,1,e1e7,e1e7,3,3,1,e1e7,e1e7,3,3
00AFG,1,f5h6,f5h6,3,3,1,f5h6,f5h6,3,3
00AGs,1,h8d8,h8d8,1,1,1,h8d8,h8d8,1,1
00AHY,1,a4a3,a4a3,5,5,1,a4a3,a4a3,1,5
00AOH,1,b1b6,b1b6,5,5,1,b1b6,b1b6,5,5
00APl,1,d3c4,d3c4,1,5,1,d3c4,d3c4,1,5
00AVR,1,d4a4,d4a4,3,3,1,d4a4,d4a4,3,3
00AXb,1,h1g1,h1g1,5,5,1,h1g1,h1g1,5,5
00Aae,1,b8f8,b8f8,1,5,1,b8f8,b8f8,1,5
00Aas,1,d4e2,d4e2,3,5,1,d4e2,d4e2,3,5
00AbP,1,d1d8,d1d8,3,3,1,d1d8,d1d8,3,3
00Ac7,1,a6a7,a6a7,3,5,1,a6a7,a6a7,5,5
00AcQ,1,h6g6,h6g6,1,3,1,h6g6,h6g6,1,3
00AdI,1,d8d3,d8d3,5,5,1,d8d3,d8d3,5,5
00Af3,1,a5a6,a5a6,1,3,1,a5a6,a5a6,1,3
00AfZ,1,a7f7,a7f7,1,1,1,a7f7,a7f7,1,1
00AhO,1,c8b7,c8b7,5,5,1,c8b7,c8b7,5,5
00Ahb,1,c1f4,c1f4,3,3,1,c1f4,c1f4,3,3
00Al5,1,c3c2,c3c2,3,3,1,c3c2,c3c2,3,3
00AoZ,1,b7d7,b7d7,3,3,1,b7d7,b7d7,3,3
00Aok,1,c3e3,c3e3,9,9,1,c3e3,c3e3,9,9
00Aq4,1,e8e1,e8e1,5,5,1,e8e1,e8e1,5,5
00Ar2,1,g5f4,g5f4,5,5,1,g5f4,g5f4,5,5
00Au2,1,d3f5,d3f5,3,3,1,d3f5,d3f5,3,3
00AuR,1,h6h7,h6h7,3,3,1,h6h7,h6h7,1,3
00Aul,1,f7g7,f7g7,3,5,1,f7g7,f7g7,5,5
00B2k,1,h4f2,h4f2,1,1,1,h4f2,h4f2,1,1
00B3B,1,f6d8,f6d8,3,3,1,f6d8,f6d8,3,3
00B7G,1,e7e3,e7e3,3,3,1,e7e3,e7e3,1,3
00B8m,1,f6f5,f6f5,3,5,1,f6f5,f6f5,3,5
00BCa,1,b3c5,b3c5,5,5,1,b3c5,b3c5,5,5
00BJm,1,c6e7,c6e7,3,3,1,c6e7,c6e7,3,3
00BKa,1,c7c8,c7c8,5,5,1,c7c8,c7c8,5,5
00BM8,1,d2b1,d2b1,3,3,1,d2b1,d2b1,3,3
00BNd,1,d5e7,d5e7,3,3,1,d5e7,d5e7,3,3
00BPh,1,d4d5,d4d5,3,3,1,d4d5,d4d5,3,3
00BQD,1,e8e1,e8e1,1,1,1,e8e1,e8e1,1,1
00BSo,1,c3b4,c3b4,3,3,1,c3b4,c3b4,3,3
00BZ6,1,f8c5,f8c5,3,3,1,f8c5,f8c5,3,3
00Bex,1,d5c7,d5c7,1,3,1,d5c7,d5c7,1,3
00Bg0,1,f4f5,f4f5,3,7,1,f4f5,f4f5,3,7
00Bg4,1,a5d8,a5d8,3,3,1,a5d8,a5d8,3,3
00Bm8,1,g6g2,g6g2,1,1,1,g6g2,g6g2,1,1
00Bn0,1,b5d6,b5d6,1,1,1,b5d6,b5d6,1,1
00Bn4,1,f6d7,f6d7,3,3,1,f6d7,f6d7,3,3
00BnG,1,d7e7,d7e7,3,3,1,d7e7,d7e7,3,3
00Bot,1,a3a6,a3a6,3,3,1,a3a6,a3a6,1,3
00Bp0,1,e5c6,e5c6,3,3,1,e5c6,e5c6,3,3
00Bpq,1,c6h1,c6h1,5,5,0,c6h1,d7d1,0,5
00BrZ,1,h8h2,h8h2,5,5,1,h8h2,h8h2,5,5
00Bse,1,g3g4,g3g4,3,3,1,g3g4,g3g4,3,3
00Bul,1,e5c6,e5c6,1,3,1,e5c6,e5c6,1,3
00C3O,1,h5f3,h5f3,3,3,1,h5f3,h5f3,3,3
00C7m,1,b4h4,b4h4,1,1,1,b4h4,b4h4,1,1
00C8Y,1,g5c1,g5c1,1,1,1,g5c1,g5c1,1,1
00C8e,1,a2b1,a2b1,3,3,1,a2b1,a2b1,3,3
00CBU,1,a3f8,a3f8,3,3,1,a3f8,a3f8,3,3
00CFp,1,d8d1,d8d1,3,3,1,d8d1,d8d1,3,3
00CMj,1,e4e3,e4e3,3,3,1,e4e3,e4e3,3,3
00CNA,0,d1d3,d1g4,3,3,1,d1d3,d1d3,3,3
00CWE,1,g6f7,g6f7,1,1,1,g6f7,g6f7,1,1
00CXr,1,a5d5,a5d5,3,5,1,a5d5,a5d5,3,5
00CYP,1,d5d8,d5d8,1,1,1,d5d8,d5d8,1,1
00CbV,1,f5f6,f5f6,1,9,1,f5f6,f5f6,3,9
00CcK,1,b4c3,b4c3,5,5,1,b4c3,b4c3,1,5
00Cfq,1,c7c8,c7c8,3,3,1,c7c8,c7c8,3,3
00CiZ,1,f8f3,f8f3,3,3,1,f8f3,f8f3,1,3
00CpR,1,b3b8,b3b8,3,3,1,b3b8,b3b8,3,3
00Cqg,1,d5e6,d5e6,1,5,1,d5e6,d5e6,5,5
00Cs4,1,b5a4,b5a4,3,3,1,b5a4,b5a4,3,3
00CtS,1,a8h8,a8h8,3,3,1,a8h8,a8h8,3,3
00Cwz,1,b8b1,b8b1,3,3,1,b8b1,b8b1,3,3
00D12,1,e5e6,e5e6,5,5,1,e5e6,e5e6,5,5
00D77,1,g2g7,g2g7,3,3,1,g2g7,g2g7,3,3
00DAs,1,d2e4,d2e4,1,1,1,d2e4,d2e4,1,1
00DBP,1,g3g8,g3g8,3,3,1,g3g8,g3g8,3,3
00DBg,1,f8c5,f8c5,5,5,1,f8c5,f8c5,5,5
00DEc,1,d3f4,d3f4,3,3,1,d3f4,d3f4,3,3
00DII,1,e1e8,e1e8,5,5,1,e1e8,e1e8,1,5
00DKr,1,g6e7,g6e7,3,3,1,g6e7,g6e7,3,3
00DPI,1,d5f6,d5f6,3,3,1,d5f6,d5f6,3,3
00DPQ,1,g3h2,g3h2,1,1,1,g3h2,g3h2,1,1
00DU5,1,e4h7,e4h7,1,1,1,e4h7,e4h7,1,1
00DUp,1,g6g5,g6g5,1,3,1,g6g5,g6g5,3,3
00DWo,1,e4g2,e4g2,1,1,1,e4g2,e4g2,1,1
00DYf,1,c2c1,c2c1,3,3,1,c2c1,c2c1,3,3
00DZe,1,g5g4,g5g4,5,5,1,g5g4,g5g4,3,5
00DcC,1,c5e6,c5e6,3,3,1,c5e6,c5e6,3,3
00DdW,1,c1b1,c1b1,3,3,1,c1b1,c1b1,3,3
00Dib,1,g4g5,g4g5,1,5,1,g4g5,g4g5,1,5
00DkJ,1,b1d1,b1d1,5,5,1,b1d1,b1d1,5,5
00Dke,1,c4f7,c4f7,1,3,1,c4f7,c4f7,1,3
00Dlt,1,d3f1,d3f1,1,1,1,d3f1,d3f1,1,1
00Dt6,1,f5h4,f5h4,3,3,1,f5h4,f5h4,1,3
00Dxh,1,c4c3,c4c3,3,3,1,c4c3,c4c3,1,3
00DzI,1,f6g5,f6g5,1,5,1,f6g5,f6g5,3,5
00E29,1,d3h7,d3h7,3,3,1,d3h7,d3h7,3,3
00E4Z,1,d5d6,d5d6,5,5,1,d5d6,d5d6,5,5
00EBZ,1,g3e1,g3e1,3,3,1,g3e1,g3e1,3,3
00EDN,1,c8a6,c8a6,3,3,1,c8a6,c8a6,3,3
00EDa,1,g5g2,g5g2,1,1,1,g5g2,g5g2,1,1
00EEp,1,f4f8,f4f8,3,3,1,f4f8,f4f8,3,3
00EJb,1,d1d2,d1d2,1,7,1,d1d2,d1d2,1,7
00ERL,1,e1e8,e1e8,1,1,1,e1e8,e1e8,1,1
00EUB,1,d6d2,d6d2,1,1,1,d6d2,d6d2,1,1
00EUu,1,g6h6,g6h6,3,5,1,g6h6,g6h6,5,5
00EWi,1,f6f5,f6f5,1,1,1,f6f5,f6f5,1,1
00EXM,1,d7d8,d7d8,3,3,1,d7d8,d7d8,3,3
00EXP,1,d4d1,d4d1,3,3,1,d4d1,d4d1,3,3
00EXS,1,f2e3,f2e3,3,3,1,f2e3,f2e3,3,3
00Ea3,1,d4e5,d4e5,5,5,1,d4e5,d4e5,5,5
00EbJ,1,g4e3,g4e3,1,3,1,g4e3,g4e3,1,3
00Ec4,1,g4g5,g4g5,3,3,1,g4g5,g4g5,1,3
00EdH,1,d5g2,d5g2,1,1,1,d5g2,d5g2,1,1
00EgR,1,b7h1,b7h1,1,5,1,b7h1,b7h1,5,5
00Elq,1,g5g6,g5g6,1,1,1,g5g6,g5g6,1,1
00Enl,1,c2g2,c2g2,1,1,1,c2g2,c2g2,1,1
00EoE,1,h1h7,h1h7,1,3,1,h1h7,h1h7,1,3
00Er4,1,e8d7,e8d7,3,3,1,e8d7,e8d7,3,3
00Erm,1,d2d3,d2d3,3,5,1,d2d3,d2d3,3,5
00Evs,1,d5f6,d5f6,1,3,1,d5f6,d5f6,3,3
00Ezc,1,c3e4,c3e4,3,3,1,c3e4,c3e4,3,3
00F1l,1,a5a7,a5a7,1,3,1,a5a7,a5a7,1,3
00F2o,1,e7e1,e7e1,3,3,1,e7e1,e7e1,3,3
00F3S,1,a2b1,a2b1,3,3,1,a2b1,a2b1,3,3
00F5G,1,f5h6,f5h6,3,3,1,f5h6,f5h6,3,3
00F5e,1,g3d6,g3d6,3,3,1,g3d6,g3d6,3,3
00F6y,1,e3e8,e3e8,5,5,1,e3e8,e3e8,5,5
00FAe,1,e4e1,e4e1,5,5,1,e4e1,e4e1,5,5
00FF5,1,c4f7,c4f7,1,3,1,c4f7,c4f7,1,3
00FGc,0,c4c3,g8h7,3,3,0,c4c3,g8h7,0,3
00FH6,1,h5g3,h5g3,1,1,1,h5g3,h5g3,1,1
00FHO,1,c1c3,c1c3,7,7,1,c1c3,c1c3,7,7
00FHX,1,c1c8,c1c8,1,1,1,c1c8,c1c8,1,1
00FND,1,d3e3,d3e3,3,3,1,d3e3,d3e3,3,3
00FOM,0,g4h4,g4f4,0,3,1,g4h4,g4h4,3,3
00FON,1,b4b3,b4b3,3,3,1,b4b3,b4b3,3,3
00FPo,1,a5a6,a5a6,1,3,1,a5a6,a5a6,1,3
00FaB,1,d5g2,d5g2,1,1,1,d5g2,d5g2,1,1
00Feu,1,f4g5,f4g5,3,3,1,f4g5,f4g5,3,3
00FjB,1,c1g5,c1g5,1,1,1,c1g5,c1g5,1,1
00Flp,1,c2h7,c2h7,1,1,1,c2h7,c2h7,1,1
00G0z,1,f4h2,f4h2,1,1,1,f4h2,f4h2,1,1
00G1l,1,f4g5,f4g5,3,3,1,f4g5,f4g5,1,3
00G7g,1,c1b2,c1b2,1,3,1,c1b2,c1b2,3,3
00G81,1,d8c8,d8c8,1,5,1,d8c8,d8c8,1,5
00GAf,1,g3g6,g3g6,5,5,1,g3g6,g3g6,5,5
00GBV,1,e2e7,e2e7,3,3,1,e2e7,e2e7,3,3
00GBX,1,d6f7,d6f7,3,3,1,d6f7,d6f7,3,3
00GHw,1,c3e5,c3e5,5,7,1,c3e5,c3e5,5,7
00GRa,1,e4h7,e4h7,1,1,1,e4h7,e4h7,1,1
00GVf,1,h1h8,h1h8,5,5,1,h1h8,h1h8,5,5
00GWg,1,b8b7,b8b7,9,9,1,b8b7,b8b7,9,9
00GY4,1,b7b8,b7b8,1,1,1,b7b8,b7b8,1,1
00GYk,1,g5f4,g5f4,1,3,1,g5f4,g5f4,3,3
00Gc5,1,e6e5,e6e5,3,3,1,e6e5,e6e5,3,3
00GiQ,1,f3g5,f3g5,5,5,1,f3g5,f3g5,5,5
00Go6,1,a4e8,a4e8,1,1,1,a4e8,a4e8,1,1
00GoO,1,e5h2,e5h2,1,1,1,e5h2,e5h2,1,1
00Gt0,1,d5d4,d5d4,3,3,1,d5d4,d5d4,3,3
00GuD,1,h1h6,h1h6,5,5,1,h1h6,h1h6,5,5
00GuG,1,g6f5,g6f5,1,3,0,g6f5,g6g5,1,3
00Gv1,1,e6e1,e6e1,5,5,1,e6e1,e6e1,5,5
00Gvp,1,d7c5,d7c5,3,3,1,d7c5,d7c5,3,3
00Gvr,1,e5e6,e5e6,3,3,1,e5e6,e5e6,1,3
00Gyu,1,d2d8,d2d8,1,1,1,d2d8,d2d8,1,1
00Gz6,1,a4f4,a4f4,5,5,1,a4f4,a4f4,5,5
00H1C,1,a5c7,a5c7,1,1,1,a5c7,a5c7,1,1
00H2I,1,h4f2,h4f2,1,3,1,h4f2,h4f2,1,3
00H2L,1,c6c5,c6c5,1,5,1,c6c5,c6c5,1,5
00H5n,1,b2b7,b2b7,5,9,1,b2b7,b2b7,9,9
00H87,1,g4c8,g4c8,13,13,1,g4c8,g4c8,13,13
00H8a,1,e4f6,e4f6,3,3,1,e4f6,e4f6,3,3
00H9n,1,h3g2,h3g2,1,1,1,h3g2,h3g2,1,1
00HAM,1,f7f8,f7f8,3,3,1,f7f8,f7f8,3,3
00HDS,1,f3d5,f3d5,5,5,1,f3d5,f3d5,5,5
00HEh,1,e2e8,e2e8,3,3,1,e2e8,e2e8,3,3
00HEx,1,c1d1,c1d1,3,3,1,c1d1,c1d1,3,3
00HGG,1,f6g5,f6g5,5,5,1,f6g5,f6g5,5,5
00HHN,1,e8e1,e8e1,1,1,1,e8e1,e8e1,1,1
00HIV,1,d2e4,d2e4,3,3,1,d2e4,d2e4,3,3
00HJd,1,c4f7,c4f7,1,1,1,c4f7,c4f7,1,1
00HLP,1,d4e2,d4e2,3,3,1,d4e2,d4e2,3,3
00HPz,1,c6c5,c6c5,1,1,1,c6c5,c6c5,1,1
00HXr,1,a7a8,a7a8,1,1,1,a7a8,a7a8,1,1
00HZC,1,d3h7,d3h7,3,3,1,d3h7,d3h7,3,3
00HZa,1,d1d8,d1d8,5,5,1,d1d8,d1d8,5,5
00HeG,1,g6h6,g6h6,3,3,1,g6h6,g6h6,3,3
00Hfa,1,e4e8,e4e8,1,1,1,e4e8,e4e8,1,1
00Hk4,1,b2c1,b2c1,1,1,1,b2c1,b2c1,1,1
00HnR,1,a8g2,a8g2,1,1,1,a8g2,a8g2,1,1
00HoG,1,g6h7,g6h7,1,1,1,g6h7,g6h7,1,1
00Hpe,1,b1b8,b1b8,5,5,1,b1b8,b1b8,5,5
00HqY,1,f3g2,f3g2,1,3,1,f3g2,f3g2,1,3
00Htd,1,f6c3,f6c3,3,3,1,f6c3,f6c3,3,3
00Hut,1,a5c3,a5c3,1,1,1,a5c3,a5c3,1,1
00Huv,1,h4h6,h4h6,3,3,1,h4h6,h4h6,3,3
00Hxb,1,e1e8,e1e8,1,1,1,e1e8,e1e8,1,1
00HzH,1,f2f8,f2f8,3,3,1,f2f8,f2f8,3,3
00HzR,1,b5b4,b5b4,3,3,1,b5b4,b5b4,3,3
00HzX,1,c2c1,c2c1,3,3,1,c2c1,c2c1,3,3
00I8g,1,e7f5,e7f5,3,3,1,e7f5,e7f5,3,3
00ICz,1,b5a7,b5a7,5,5,1,b5a7,b5a7,5,5
00IDw,1,e6h3,e6h3,3,3,1,e6h3,e6h3,3,3
00IDz,1,d5f7,d5f7,1,5,1,d5f7,d5f7,3,5
00IEW,1,f5e7,f5e7,3,3,1,f5e7,f5e7,1,3
00IF1,1,e3f4,e3f4,3,3,1,e3f4,e3f4,3,3
00IF7,1,d5c3,d5c3,3,3,1,d5c3,d5c3,3,3
00IFk,1,g5f4,g5f4,5,5,1,g5f4,g5f4,5,5
00IHi,1,a1e1,a1e1,3,7,1,a1e1,a1e1,7,7
00IKw,1,d8d7,d8d7,11,11,1,d8d7,d8d7,11,11
00IMS,1,e4f5,e4f5,3,3,1,e4f5,e4f5,3,3
00IPp,1,e3f3,e3f3,1,1,1,e3f3,e3f3,1,1
00ISm,1,e4g5,e4g5,3,3,1,e4g5,e4g5,3,3
00ITc,1,d4g7,d4g7,1,1,1,d4g7,d4g7,1,1
00IUT,1,c7c5,c7c5,1,5,1,c7c5,c7c5,1,5
00IUW,1,h3g3,h3g3,3,3,1,h3g3,h3g3,3,3
00IYg,1,h4h5,h4h5,5,5,1,h4h5,h4h5,5,5
00IaZ,1,e8b8,e8b8,1,1,1,e8b8,e8b8,1,1
00IbM,1,c3e1,c3e1,5,5,1,c3e1,c3e1,5,5
00IiM,1,g4f3,g4f3,3,3,1,g4f3,g4f3,3,3
00InW,1,f2f3,f2f3,3,5,1,f2f3,f2f3,5,5
00IpT,1,f6h8,f6h8,3,3,1,f6h8,f6h8,3,3
00IqI,1,d2d8,d2d8,3,3,1,d2d8,d2d8,3,3
00Ivf,1,h3h2,h3h2,3,5,1,h3h2,h3h2,3,5
00J1Y,1,g3g6,g3g6,3,3,1,g3g6,g3g6,3,3
00J1t,1,d2g5,d2g5,5,5,1,d2g5,d2g5,5,5
00J5q,1,e3d4,e3d4,3,3,1,e3d4,e3d4,3,3
00J5r,1,g7h6,g7h6,3,3,1,g7h6,g7h6,3,3
00J7i,1,b7g7,b7g7,1,1,1,b7g7,b7g7,1,1
00J9b,1,e2b5,e2b5,9,9,1,e2b5,e2b5,9,9
00JAo,1,a2a6,a2a6,3,3,1,a2a6,a2a6,3,3
00JET,1,c1c8,c1c8,3,3,1,c1c8,c1c8,3,3
00JFF,1,h5g6,h5g6,3,7,1,h5g6,h5g6,3,7
00JH5,1,c7c4,c7c4,3,3,1,c7c4,c7c4,3,3
00JMV,1,e4e1,e4e1,3,3,1,e4e1,e4e1,3,3
00JO7,1,h7h8,h7h8,1,1,1,h7h8,h7h8,1,1
00JQS,1,e1e8,e1e8,3,3,1,e1e8,e1e8,3,3
00JR7,1,d3h7,d3h7,5,5,1,d3h7,d3h7,5,5
00JS1,1,c8c1,c8c1,3,3,1,c8c1,c8c1,3,3
00JYV,1,h4g6,h4g6,5,5,1,h4g6,h4g6,5,5
00JZk,1,a1f1,a1f1,1,3,1,a1f1,a1f1,1,3
00JaW,1,d5d6,d5d6,5,7,1,d5d6,d5d6,5,7
00JfN,1,f4f7,f4f7,3,3,1,f4f7,f4f7,3,3
00JqT,1,f5b1,f5b1,5,5,1,f5b1,f5b1,3,5
00JsQ,1,d2d8,d2d8,3,3,1,d2d8,d2d8,3,3
00JtR,1,d7b5,d7b5,7,7,1,d7b5,d7b5,7,7
00JzT,1,g6g5,g6g5,1,3,1,g6g5,g6g5,1,3
00K0G,1,d3f4,d3f4,1,3,1,d3f4,d3f4,1,3
00K48,1,f1f8,f1f8,1,1,1,f1f8,f1f8,1,1
00K7b,1,e5f4,e5f4,5,5,1,e5f4,e5f4,5,5
00K8j,1,d8c7,d8c7,3,3,1,d8c7,d8c7,3,3
00KAq,1,f4g3,f4g3,5,5,1,f4g3,f4g3,3,5
00KHR,1,g6h4,g6h4,3,3,1,g6h4,g6h4,3,3
00KMV,1,c3h8,c3h8,3,3,1,c3h8,c3h8,3,3
00KNB,1,h5h6,h5h6,3,3,1,h5h6,h5h6,3,3
00KNK,1,h5f6,h5f6,7,7,1,h5f6,h5f6,7,7
00KO5,1,f1h1,f1h1,5,5,1,f1h1,f1h1,1,5
00KOz,1,h6h7,h6h7,3,3,1,h6h7,h6h7,1,3
00KRo,1,c1f4,c1f4,1,1,1,c1f4,c1f4,1,1
00KSB,1,f2f4,f2f4,3,3,1,f2f4,f2f4,3,3
00KVF,1,b6b5,b6b5,3,3,1,b6b5,b6b5,3,3
00KVO,1,e6e1,e6e1,3,3,1,e6e1,e6e1,3,3
00KVb,1,f8f1,f8f1,3,3,1,f8f1,f8f1,3,3
00KYC,0,f8f6,f8f7,3,5,1,f8f6,f8f6,3,5
00KYE,1,d6h2,d6h2,1,1,1,d6h2,d6h2,1,1
00KYU,1,g3d6,g3d6,2,3,1,g3d6,g3d6,2,3
00Kbj,1,f4g3,f4g3,1,5,1,f4g3,f4g3,1,5
00Kd8,1,f4g3,f4g3,3,3,1,f4g3,f4g3,3,3
00Keu,1,g5g6,g5g6,3,3,1,g5g6,g5g6,3,3
00KgF,1,g5h5,g5h5,5,7,1,g5h5,g5h5,1,7
00KgR,1,f5h7,f5h7,1,1,1,f5h7,f5h7,1,1
00KhM,1,d5f7,d5f7,3,3,1,d5f7,d5f7,3,3
00Kia,1,h5e5,h5e5,5,5,1,h5e5,h5e5,5,5
00Kip,1,d5e5,d5e5,1,5,0,d5e5,d5e4,3,5
00Knu,1,g5g6,g5g6,3,3,1,g5g6,g5g6,3,3
00Kq4,1,d8g5,d8g5,5,5,1,d8g5,d8g5,5,5
00Ksa,1,f2f3,f2f3,3,3,1,f2f3,f2f3,3,3
00Ksk,1,d2d3,d2d3,5,5,1,d2d3,d2d3,5,5
00Kxt,1,e5f3,e5f3,3,3,1,e5f3,e5f3,1,3
00Kyy,1,g3h3,g3h3,5,5,1,g3h3,g3h3,5,5
00L1Y,1,a5d5,a5d5,5,5,1,a5d5,a5d5,5,5
00L4x,1,e7e8q,e7e8q,3,3,1,e7e8q,e7e8q,3,3
00L53,0,d6e6,d8a5,0,9,0,d6e6,d8a5,0,9
00L76,1,h5h8,h5h8,5,5,1,h5h8,h5h8,5,5
00L84,1,c3c1,c3c1,3,3,1,c3c1,c3c1,3,3
00LBF,1,d4d5,d4d5,1,3,1,d4d5,d4d5,3,3
00LG5,1,f5f1,f5f1,3,3,1,f5f1,f5f1,3,3
00LH7,1,e1e4,e1e4,3,3,1,e1e4,e1e4,3,3
00LI0,1,f6d5,f6d5,3,3,1,f6d5,f6d5,1,3
00LMb,1,b6c4,b6c4,1,3,1,b6c4,b6c4,3,3
00LNB,1,f6a6,f6a6,3,3,1,f6a6,f6a6,3,3
00LNH,1,e6f5,e6f5,3,3,1,e6f5,e6f5,3,3
00LO6,1,c6d5,c6d5,3,3,1,c6d5,c6d5,3,3
00LOy,1,b3b4,b3b4,1,3,1,b3b4,b3b4,1,3
00LPw,1,f3f5,f3f5,1,1,1,f3f5,f3f5,1,1
00LRq,1,a6a7,a6a7,6,7,1,a6a7,a6a7,6,7
00LRv,1,h4g3,h4g3,5,5,1,h4g3,h4g3,5,5
00LSv,1,d4g1,d4g1,1,3,1,d4g1,d4g1,1,3
00LUV,1,d3g6,d3g6,5,5,1,d3g6,d3g6,5,5
00LUZ,1,h4f2,h4f2,1,1,1,h4f2,h4f2,1,1
00LWX,1,c8c2,c8c2,1,1,0,c8c2,a4c2,0,1
00LWa,1,h3f2,h3f2,1,1,1,h3f2,h3f2,1,1
00LXD,1,g6g5,g6g5,3,3,1,g6g5,g6g5,3,3
00LZf,1,f2e3,f2e3,5,5,1,f2e3,f2e3,5,5
00LZl,1,f3d4,f3d4,5,5,1,f3d4,f3d4,3,5
00LdT,1,e3e8,e3e8,3,3,1,e3e8,e3e8,3,3
00Lh9,1,e2g3,e2g3,3,3,1,e2g3,e2g3,3,3
00Lhb,0,f2c5,c4d3,0,5,1,f2c5,f2c5,1,5
00Lnf,1,h5f7,h5f7,1,1,1,h5f7,h5f7,1,1
00LoE,1,f2g1,f2g1,3,3,1,f2g1,f2g1,3,3
00Lqo,1,h3h5,h3h5,3,3,1,h3h5,h3h5,3,3
00Lt1,1,f4d5,f4d5,5,5,1,f4d5,f4d5,5,5
00Lvv,1,h5e8,h5e8,2,3,1,h5e8,h5e8,3,3
00Lyc,1,b6b5,b6b5,3,3,1,b6b5,b6b5,3,3
00M0i,1,f5g5,f5g5,1,1,1,f5g5,f5g5,1,1
00M1q,1,g6h7,g6h7,5,5,1,g6h7,g6h7,5,5
00M6i,1,e5d4,e5d4,3,3,1,e5d4,e5d4,3,3
00M7w,1,g1e2,g1e2,1,5,1,g1e2,g1e2,1,5
00M92,1,h4g6,h4g6,3,3,1,h4g6,h4g6,3,3
00MBF,0,d1b3,g3g4,0,7,1,d1b3,d1b3,7,7
00MDG,1,f2f7,f2f7,5,5,1,f2f7,f2f7,5,5
00MDy,1,f4g3,f4g3,5,5,1,f4g3,f4g3,5,5
00ME0,1,c4f7,c4f7,1,3,1,c4f7,c4f7,1,3
00MFe,1,h5e8,h5e8,3,3,1,h5e8,h5e8,3,3
00MGA,1,h4h2,h4h2,3,3,1,h4h2,h4h2,3,3
00MHi,1,c2e2,c2e2,5,5,1,c2e2,c2e2,5,5
00MIY,1,h6c1,h6c1,3,3,1,h6c1,h6c1,3,3
00MNf,1,f7f6,f7f6,1,3,1,f7f6,f7f6,1,3
00MQl,1,c5e3,c5e3,5,5,1,c5e3,c5e3,5,5
00MS3,1,e2e8,e2e8,3,3,1,e2e8,e2e8,3,3
00MTG,1,f1f2,f1f2,3,3,1,f1f2,f1f2,3,3
00MTn,1,h8h5,h8h5,1,5,1,h8h5,h8h5,5,5
00MWz,1,g4g5,g4g5,1,3,1,g4g5,g4g5,1,3
00MYL,1,f7b7,f7b7,1,1,1,f7b7,f7b7,1,1
00MZC,1,d5d4,d5d4,3,3,1,d5d4,d5d4,3,3
00MZr,1,h3h2,h3h2,3,3,1,h3h2,h3h2,3,3
00Mbv,1,d1d8,d1d8,1,1,1,d1d8,d1d8,1,1
00Mca,1,a4c4,a4c4,1,3,1,a4c4,a4c4,1,3
00MeO,1,e4d6,e4d6,3,3,1,e4d6,e4d6,3,3
00Mei,1,d4d8,d4d8,3,5,1,d4d8,d4d8,5,5
00Mf0,1,f1b1,f1b1,5,5,1,f1b1,f1b1,1,5
00Mgf,1,h4h5,h4h5,2,3,1,h4h5,h4h5,2,3
00Mke,1,a2f2,a2f2,5,5,1,a2f2,a2f2,5,5
00Msq,1,f7c4,f7c4,3,3,1,f7c4,f7c4,3,3
00MwU,1,h8f8,h8f8,5,5,1,h8f8,h8f8,5,5
00MyT,1,e5d3,e5d3,1,3,1,e5d3,e5d3,1,3
00Myw,1,f4f6,f4f6,3,3,1,f4f6,f4f6,3,3
00Mzs,1,f3e5,f3e5,3,3,1,f3e5,f3e5,3,3
00N3B,1,d1d4,d1d4,3,5,1,d1d4,d1d4,3,5
00NAM,1,e3e8,e3e8,3,3,1,e3e8,e3e8,3,3
00NBR,1,e2c4,e2c4,3,3,1,e2c4,e2c4,3,3
00NEO,1,h3h6,h3h6,2,3,1,h3h6,h3h6,3,3
00NGM,1,f8f2,f8f2,3,9,1,f8f2,f8f2,7,9
00NHK,1,h1h8,h1h8,5,5,1,h1h8,h1h8,5,5
00NKk,1,e1e3,e1e3,1,3,1,e1e3,e1e3,1,3
00NOI,1,d4e2,d4e2,3,3,1,d4e2,d4e2,3,3
00NR5,1,a8d8,a8d8,1,1,1,a8d8,a8d8,1,1
00NUS,1,f5c2,f5c2,3,3,1,f5c2,f5c2,3,3
00NUc,1,b3h3,b3h3,3,3,1,b3h3,b3h3,3,3
00NVe,1,g5f3,g5f3,3,3,1,g5f3,g5f3,3,3
00NaX,1,e7e1,e7e1,3,3,1,e7e1,e7e1,3,3
00Nay,1,g3h3,g3h3,1,5,1,g3h3,g3h3,1,5
00Nej,1,d1d8,d1d8,3,5,1,d1d8,d1d8,3,5
00Nf5,1,d8b6,d8b6,5,5,1,d8b6,d8b6,3,5
00Ngg,1,d8a5,d8a5,3,3,1,d8a5,d8a5,3,3
00Nhl,1,g6f4,g6f4,5,5,1,g6f4,g6f4,1,5
00NiV,1,c2g6,c2g6,1,1,1,c2g6,c2g6,1,1
00Nih,1,f5g4,f5g4,1,3,1,f5g4,f5g4,3,3
00NpT,1,f4f5,f4f5,3,3,1,f4f5,f4f5,3,3
00Nqd,1,e4d2,e4d2,5,5,1,e4d2,e4d2,5,5
00Ns0,1,d8f6,d8f6,9,9,1,d8f6,d8f6,3,9
00Nte,1,d4f2,d4f2,1,5,1,d4f2,d4f2,1,5
00Nua,1,g7h7,g7h7,5,7,1,g7h7,g7h7,5,7
00O14,1,d3f1,d3f1,3,3,1,d3f1,d3f1,3,3
00O2z,1,h5h3,h5h3,1,1,1,h5h3,h5h3,1,1
00O37,1,e2a6,e2a6,1,3,1,e2a6,e2a6,1,3
00O3h,1,h4g5,h4g5,3,3,1,h4g5,h4g5,3,3
00O8m,1,d4d5,d4d5,1,3,1,d4d5,d4d5,1,3
00O9Z,1,f6f2,f6f2,7,7,1,f6f2,f6f2,7,7
00O9a,1,a7f2,a7f2,5,5,1,a7f2,a7f2,5,5
00O9q,1,a1h1,a1h1,1,1,1,a1h1,a1h1,1,1
00OCQ,1,c8c3,c8c3,2,3,1,c8c3,c8c3,2,3
00OKo,1,a1f1,a1f1,1,5,1,a1f1,a1f1,1,5
00OLF,1,c8c7,c8c7,5,7,1,c8c7,c8c7,5,7
00ON5,1,h4h3,h4h3,5,5,1,h4h3,h4h3,5,5
00OOp,1,g7g4,g7g4,3,3,1,g7g4,g7g4,3,3
00OPc,1,e5d3,e5d3,5,5,1,e5d3,e5d3,5,5
00OPi,1,a2c3,a2c3,1,3,1,a2c3,a2c3,3,3
00OPk,1,d6f7,d6f7,1,1,1,d6f7,d6f7,1,1
00OQt,1,c3d2,c3d2,1,5,1,c3d2,c3d2,5,5
00OR6,1,f7f6,f7f6,5,5,1,f7f6,f7f6,5,5
00OXc,1,f3h3,f3h3,1,1,1,f3h3,f3h3,1,1
00OYl,1,f5e5,f5e5,1,3,1,f5e5,f5e5,1,3
00Ocp,1,g2e4,g2e4,1,5,1,g2e4,g2e4,1,5
00Oim,1,a7e3,a7e3,3,3,1,a7e3,a7e3,1,3
00Oqz,1,f8f6,f8f6,3,3,1,f8f6,f8f6,3,3
00Or5,1,b3f7,b3f7,1,1,1,b3f7,b3f7,1,1
00OxK,1,c6e5,c6e5,5,5,1,c6e5,c6e5,5,5
00Oyf,1,h6g5,h6g5,3,7,1,h6g5,h6g5,3,7
00Ozz,1,e1e8,e1e8,1,1,1,e1e8,e1e8,1,1
00P45,1,h5g6,h5g6,9,9,1,h5g6,h5g6,9,9
00P6j,1,e4e8,e4e8,3,3,1,e4e8,e4e8,3,3
00P6s,1,f6h4,f6h4,3,3,1,f6h4,f6h4,3,3
00P7n,1,g4g7,g4g7,1,1,1,g4g7,g4g7,1,1
00P81,1,b4b8,b4b8,5,5,1,b4b8,b4b8,5,5
00PF3,1,f6g4,f6g4,5,5,1,f6g4,f6g4,5,5
00PGi,1,g5f7,g5f7,3,3,1,g5f7,g5f7,3,3
00PHg,1,a8e8,a8e8,5,5,1,a8e8,a8e8,5,5
00PIO,1,f5d4,f5d4,5,5,1,f5d4,f5d4,5,5
00PUc,1,d8d6,d8d6,5,5,1,d8d6,d8d6,5,5
00PZo,1,h8e8,h8e8,3,3,1,h8e8,h8e8,3,3
00Pbs,1,d5g2,d5g2,3,3,1,d5g2,d5g2,3,3
00Pc8,1,e5d7,e5d7,5,5,1,e5d7,e5d7,5,5
00PgQ,1,c2c1q,c2c1q,3,5,1,c2c1q,c2c1q,5,5
00Pgk,1,d8d4,d8d4,3,3,1,d8d4,d8d4,3,3
00Pms,1,g7f8,g7f8,3,5,1,g7f8,g7f8,1,5
00Pr6,1,f3f7,f3f7,5,5,1,f3f7,f3f7,5,5
00PrK,1,h7h6,h7h6,3,3,1,h7h6,h7h6,3,3
00Pu5,1,e1e8,e1e8,3,3,1,e1e8,e1e8,3,3
00PvP,1,g4h5,g4h5,1,5,1,g4h5,g4h5,1,5
00PvX,1,d5c5,d5c5,3,3,1,d5c5,d5c5,3,3
00Pw1,1,g7h7,g7h7,1,1,1,g7h7,g7h7,1,1
00Q4m,1,d4f3,d4f3,3,3,1,d4f3,d4f3,3,3
00Q4v,1,e7h4,e7h4,3,3,1,e7h4,e7h4,3,3
00Q8H,1,f7d5,f7d5,3,3,1,f7d5,f7d5,3,3
00QBx,1,e3f2,e3f2,1,1,1,e3f2,e3f2,1,1
00QCD,1,g2b7,g2b7,3,3,1,g2b7,g2b7,3,3
00QCe,1,c5a6,c5a6,3,3,1,c5a6,c5a6,3,3
00QHM,1,c1c8,c1c8,5,5,1,c1c8,c1c8,5,5
00QN3,1,e5e4,e5e4,3,3,1,e5e4,e5e4,3,3
00QOa,1,c5d6,c5d6,1,3,1,c5d6,c5d6,1,3
00QOp,1,e7e1,e7e1,1,1,1,e7e1,e7e1,1,1
00QQS,1,c3d4,c3d4,3,3,1,c3d4,c3d4,3,3
00QVZ,1,e6f5,e6f5,3,5,1,e6f5,e6f5,1,5
00QW1,1,d2d1,d2d1,5,5,1,d2d1,d2d1,5,5
00QY3,1,h3f1,h3f1,1,1,1,h3f1,h3f1,1,1
00QZ3,1,d1f3,d1f3,1,3,1,d1f3,d1f3,1,3
00QZV,1,f5f1,f5f1,1,1,1,f5f1,f5f1,1,1
00QjF,1,c5b6,c5b6,1,5,1,c5b6,c5b6,1,5
00QkV,1,e7e8,e7e8,1,1,1,e7e8,e7e8,1,1
00Qlc,1,f7f5,f7f5,3,5,1,f7f5,f7f5,3,5
00Qm5,1,e2c4,e2c4,3,5,1,e2c4,e2c4,3,5
00QnO,1,g6e4,g6e4,3,3,1,g6e4,g6e4,3,3
00Qo8,1,b6b7,b6b7,3,3,1,b6b7,b6b7,3,3
00Qog,1,e7e6,e7e6,3,3,1,e7e6,e7e6,3,3
00Qpu,1,e1c1,e1c1,1,1,1,e1c1,e1c1,1,1
00QqI,1,e6d5,e6d5,1,5,1,e6d5,e6d5,1,5
00Qqp,1,h2h1,h2h1,1,1,1,h2h1,h2h1,1,1
00QyM,1,b3b4,b3b4,1,5,1,b3b4,b3b4,1,5
00R0l,1,c1h6,c1h6,3,3,1,c1h6,c1h6,3,3
00R0m,1,a4e4,a4e4,1,1,1,a4e4,a4e4,1,1
00R2A,1,f8b4,f8b4,3,3,1,f8b4,f8b4,3,3
00R4l,1,a8a7,a8a7,5,5,1,a8a7,a8a7,5,5
00R8C,1,f8f4,f8f4,3,9,1,f8f4,f8f4,3,9
00R9D,1,b4b3,b4b3,3,3,1,b4b3,b4b3,3,3
00ROK,1,f5h7,f5h7,3,3,1,f5h7,f5h7,3,3
00RPk,1,c3d4,c3d4,1,5,1,c3d4,c3d4,5,5
00RWr,1,a2a8,a2a8,9,9,1,a2a8,a2a8,9,9
00RXz,1,b3e6,b3e6,3,3,1,b3e6,b3e6,3,3
00RYH,1,e7e8,e7e8,3,3,1,e7e8,e7e8,3,3
00RbX,1,d5c7,d5c7,5,5,1,d5c7,d5c7,5,5
00Rcs,1,f5g3,f5g3,3,3,1,f5g3,f5g3,3,3
00Rep,1,c4c3,c4c3,1,3,1,c4c3,c4c3,1,3
00RiT,1,g3g4,g3g4,1,3,1,g3g4,g3g4,1,3
00Rk3,1,f6a1,f6a1,3,3,1,f6a1,f6a1,3,3
00Rlv,1,d3d8,d3d8,3,3,1,d3d8,d3d8,3,3
00Rmm,1,c8c2,c8c2,5,5,1,c8c2,c8c2,5,5
00RoG,1,g4g1,g4g1,1,1,1,g4g1,g4g1,1,1
00RtC,1,d4e2,d4e2,3,5,1,d4e2,d4e2,5,5
00Ru6,1,f4f8,f4f8,3,3,1,f4f8,f4f8,3,3
00Rue,1,f5b1,f5b1,5,5,1,f5b1,f5b1,5,5
00RvC,1,g7a1,g7a1,5,7,1,g7a1,g7a1,5,7
00Rvy,1,c5d5,c5d5,1,3,1,c5d5,c5d5,3,3
00S5q,1,d3h7,d3h7,1,1,1,d3h7,d3h7,1,1
00S6g,0,f4f5,c1a3,0,9,1,f4f5,f4f5,9,9
00S6j,1,b5c7,b5c7,3,3,1,b5c7,b5c7,3,3
00SCA,1,c4e4,c4e4,3,5,1,c4e4,c4e4,3,5
00SIE,1,b3b7,b3b7,3,3,1,b3b7,b3b7,3,3
00SIq,1,c4f7,c4f7,3,3,1,c4f7,c4f7,3,3
00SLR,1,e7h4,e7h4,3,3,1,e7h4,e7h4,3,3
00SMl,0,d5f6,d5e7,0,1,0,d5f6,d5e7,0,1
00SOy,1,h4h1,h4h1,1,1,1,h4h1,h4h1,1,1
00SPy,0,f4f5,f1f2,0,3,0,f4f5,f1f2,0,3
00STy,1,b7b6,b7b6,1,1,1,b7b6,b7b6,1,1
00SU7,1,e8e1,e8e1,5,5,1,e8e1,e8e1,5,5
00SUF,1,h4h5,h4h5,3,5,1,h4h5,h4h5,3,5
00SWh,1,h8d4,h8d4,1,5,1,h8d4,h8d4,5,5
00Se9,1,g6e7,g6e7,3,3,1,g6e7,g6e7,3,3
00SeK,1,d4g7,d4g7,1,1,1,d4g7,d4g7,1,1
00SfT,1,h5h7,h5h7,1,1,1,h5h7,h5h7,1,1
00SgB,1,b4e7,b4e7,5,5,1,b4e7,b4e7,1,5
00SiY,1,d3e2,d3e2,3,3,1,d3e2,d3e2,3,3
00SlL,1,d1d3,d1d3,5,5,1,d1d3,d1d3,5,5
00Sr6,1,e8g8,e8g8,3,3,1,e8g8,e8g8,3,3
00SsI,1,g3h3,g3h3,3,3,1,g3h3,g3h3,3,3
00Svg,1,f4f3,f4f3,1,3,1,f4f3,f4f3,3,3
00SyL,1,c2c5,c2c5,3,3,1,c2c5,c2c5,3,3
00Sz9,1,g5f3,g5f3,3,3,1,g5f3,g5f3,3,3
00T2k,1,c2c6,c2c6,5,5,1,c2c6,c2c6,5,5
00T4i,1,d7h3,d7h3,3,3,1,d7h3,d7h3,3,3
00T85,1,f2d2,f2d2,1,1,1,f2d2,f2d2,1,1
00TAb,1,c6e7,c6e7,3,3,1,c6e7,c6e7,3,3
00TEQ,1,h5f7,h5f7,3,3,1,h5f7,h5f7,3,3
00TFd,1,g5g4,g5g4,3,3,1,g5g4,g5g4,3,3
00TJN,1,f3f7,f3f7,3,3,1,f3f7,f3f7,3,3
00TLz,1,h2h4,h2h4,5,5,1,h2h4,h2h4,5,5
00TOX,1,c3d5,c3d5,1,3,1,c3d5,c3d5,3,3
00TOt,1,d4d3,d4d3,3,3,1,d4d3,d4d3,3,3
00TQf,1,h7h5,h7h5,3,3,1,h7h5,h7h5,3,3
00TRo,1,h5e8,h5e8,3,3,1,h5e8,h5e8,3,3
00TTm,1,g6f7,g6f7,1,1,1,g6f7,g6f7,1,1
00TU2,1,d6d1,d6d1,3,3,1,d6d1,d6d1,3,3
00TV2,1,c7c8,c7c8,5,5,1,c7c8,c7c8,5,5
00TXF,1,e5e6,e5e6,1,3,1,e5e6,e5e6,1,3
00Ta0,1,c3g3,c3g3,3,3,1,c3g3,c3g3,3,3
00Tdk,1,e5f3,e5f3,3,3,1,e5f3,e5f3,3,3
00Tge,1,g4h5,g4h5,3,3,1,g4h5,g4h5,1,3
00TiV,1,a4a3,a4a3,1,3,1,a4a3,a4a3,1,3
00Tkj,1,h3h8,h3h8,1,1,1,h3h8,h3h8,1,1
00Tll,1,f2g3,f2g3,3,3,1,f2g3,f2g3,3,3
00Tmr,1,h6f7,h6f7,1,1,1,h6f7,h6f7,1,1
00TuA,1,f4g3,f4g3,3,3,1,f4g3,f4g3,3,3
00Ty2,1,g6g2,g6g2,5,5,1,g6g2,g6g2,5,5
00Ty5,1,g3g7,g3g7,1,1,1,g3g7,g3g7,1,1
00Tya,1,f3f1,f3f1,3,3,1,f3f1,f3f1,3,3
00U2C,1,a2b4,a2b4,7,7,1,a2b4,a2b4,7,7
00UB0,1,d3d4,d3d4,3,3,1,d3d4,d3d4,3,3
00UEs,1,d7d5,d7d5,3,3,1,d7d5,d7d5,3,3
00UF4,1,c1g5,c1g5,3,3,1,c1g5,c1g5,1,3
00UGu,1,f3f2,f3f2,3,3,1,f3f2,f3f2,3,3
00UHZ,1,e4f6,e4f6,1,3,1,e4f6,e4f6,1,3
00UHs,1,c4e5,c4e5,1,5,1,c4e5,c4e5,1,5
00UI2,1,f3e4,f3e4,7,7,1,f3e4,f3e4,1,7
00UIZ,1,g5f7,g5f7,3,3,1,g5f7,g5f7,3,3
00UJF,1,d7d6,d7d6,1,7,1,d7d6,d7d6,7,7
00UJP,1,h4g3,h4g3,1,9,1,h4g3,h4g3,3,9
00UOA,1,b2b3,b2b3,1,3,1,b2b3,b2b3,1,3
00UQj,1,d7h3,d7h3,3,3,1,d7h3,d7h3,3,3
00UTH,1,h8h3,h8h3,3,3,1,h8h3,h8h3,3,3
00UZP,1,f5f2,f5f2,3,3,1,f5f2,f5f2,3,3
00Ueq,1,h1h8,h1h8,3,3,1,h1h8,h1h8,3,3
00UgJ,1,d8g5,d8g5,1,3,1,d8g5,d8g5,1,3
00Ui0,1,f4e2,f4e2,1,3,1,f4e2,f4e2,1,3
00UkB,1,c6h6,c6h6,1,1,1,c6h6,c6h6,1,1
00Uo9,1,e8e7,e8e7,1,5,1,e8e7,e8e7,1,5
00Upm,1,f1h1,f1h1,3,3,1,f1h1,f1h1,3,3
00UqU,1,a1a6,a1a6,1,5,1,a1a6,a1a6,1,5
00Us6,1,e2g4,e2g4,3,3,1,e2g4,e2g4,3,3
00UwP,1,a3d6,a3d6,3,3,1,a3d6,a3d6,3,3
00Uwn,1,e3g5,e3g5,3,3,1,e3g5,e3g5,1,3
00UyQ,1,f4f3,f4f3,5,5,1,f4f3,f4f3,5,5
00V0G,1,g1h1,g1h1,3,3,1,g1h1,g1h1,3,3
00V4d,1,d7d6,d7d6,1,7,1,d7d6,d7d6,1,7
00V59,1,d6h2,d6h2,1,1,1,d6h2,d6h2,1,1
00V8g,1,b5c6,b5c6,3,5,1,b5c6,b5c6,3,5
00VC1,1,e8e1,e8e1,3,3,1,e8e1,e8e1,3,3
00VDN,1,d5e4,d5e4,1,3,1,d5e4,d5e4,1,3
00VDp,1,d2d8,d2d8,5,5,1,d2d8,d2d8,5,5
00VEX,1,e8e4,e8e4,3,3,1,e8e4,e8e4,3,3
00VEe,1,h1h7,h1h7,5,5,1,h1h7,h1h7,5,5
00VFK,1,g7g5,g7g5,3,3,1,g7g5,g7g5,3,3
00VGt,1,b4c6,b4c6,3,3,1,b4c6,b4c6,3,3
00VIe,1,a2d2,a2d2,1,1,1,a2d2,a2d2,1,1
00VJF,1,b5d7,b5d7,3,3,1,b5d7,b5d7,3,3
00VNr,1,c5d4,c5d4,5,5,1,c5d4,c5d4,5,5
00VQ7,1,d8g5,d8g5,3,3,1,d8g5,d8g5,3,3
00VRm,1,d8d1,d8d1,5,5,1,d8d1,d8d1,5,5
00VSe,1,e4b1,e4b1,3,3,1,e4b1,e4b1,3,3
00VXe,1,g3e5,g3e5,1,3,1,g3e5,g3e5,1,3
00Vdx,1,g8g2,g8g2,2,3,1,g8g2,g8g2,2,3
00VhV,1,a4a3,a4a3,1,3,1,a4a3,a4a3,1,3
00ViT,1,g7g5,g7g5,1,1,1,g7g5,g7g5,1,1
00VlM,1,e2e1,e2e1,7,7,1,e2e1,e2e1,7,7
00VoA,1,c2c6,c2c6,3,3,1,c2c6,c2c6,3,3
00Voj,1,f2f6,f2f6,7,7,1,f2f6,f2f6,7,7
00Vqp,1,d2d1,d2d1,3,5,1,d2d1,d2d1,3,5
00Vt0,1,c5d7,c5d7,3,3,1,c5d7,c5d7,3,3
00Vv9,1,b2g2,b2g2,1,1,1,b2g2,b2g2,1,1
00W3Q,1,d8d1,d8d1,5,5,1,d8d1,d8d1,5,5
00W5B,1,c5d5,c5d5,1,5,1,c5d5,c5d5,3,5
00WAp,1,f3h1,f3h1,1,1,1,f3h1,f3h1,1,1
00WDP,1,a6c8,a6c8,3,3,1,a6c8,a6c8,3,3
00WG3,1,f1d1,f1d1,5,5,1,f1d1,f1d1,5,5
00WJN,1,f8a3,f8a3,1,3,1,f8a3,f8a3,1,3
00WNb,1,a5a6,a5a6,1,3,1,a5a6,a5a6,1,3
00WTN,1,e5e4,e5e4,3,3,1,e5e4,e5e4,3,3
00WUu,1,b6d4,b6d4,5,5,1,b6d4,b6d4,5,5
00WVK,1,h7h8,h7h8,3,3,1,h7h8,h7h8,3,3
00WZO,1,b7b4,b7b4,3,3,1,b7b4,b7b4,1,3
00WbE,1,f7f4,f7f4,3,3,1,f7f4,f7f4,3,3
00WcO,1,b5c6,b5c6,3,3,1,b5c6,b5c6,1,3
00Wfh,1,d2a5,d2a5,3,3,1,d2a5,d2a5,3,3
00Wfu,1,e8e1,e8e1,3,3,1,e8e1,e8e1,3,3
00Wi9,1,d4d3,d4d3,3,3,1,d4d3,d4d3,3,3
00WiB,1,h4h6,h4h6,5,5,1,h4h6,h4h6,5,5
00WiX,1,d4f3,d4f3,3,3,1,d4f3,d4f3,1,3
00WiZ,1,h4h7,h4h7,1,1,1,h4h7,h4h7,1,1
00WlQ,1,e6d5,e6d5,3,3,1,e6d5,e6d5,3,3
00WoW,1,a5a4,a5a4,5,5,1,a5a4,a5a4,5,5
00Wp4,1,d1d2,d1d2,3,3,1,d1d2,d1d2,1,3
00WqT,1,d3e2,d3e2,3,3,1,d3e2,d3e2,3,3
00Wqc,1,h3f4,h3f4,3,3,1,h3f4,h3f4,3,3
00WsE,1,d8a5,d8a5,5,5,1,d8a5,d8a5,5,5
00WtH,1,b3b1,b3b1,3,3,1,b3b1,b3b1,1,3
00Wyh,1,c2d2,c2d2,3,3,1,c2d2,c2d2,3,3
00WzB,1,f3a8,f3a8,17,17,1,f3a8,f3a8,1,17
00WzS,1,g5e3,g5e3,3,3,1,g5e3,g5e3,3,3
00X0Q,1,d3g3,d3g3,3,5,1,d3g3,d3g3,3,5
00X1l,1,f1f8,f1f8,1,1,1,f1f8,f1f8,1,1
00X2S,1,a5c7,a5c7,1,1,1,a5c7,a5c7,1,1
00X2j,1,a6g6,a6g6,3,5,1,a6g6,a6g6,5,5
00X5a,1,d5h5,d5h5,1,1,1,d5h5,d5h5,1,1
00X5w,1,c6e5,c6e5,3,3,1,c6e5,c6e5,3,3
00X66,1,e8e1,e8e1,1,1,1,e8e1,e8e1,1,1
00XAG,1,d3d8,d3d8,3,3,1,d3d8,d3d8,3,3
00XBD,1,b5c4,b5c4,1,5,1,b5c4,b5c4,3,5
00XCT,1,d5h5,d5h5,3,3,1,d5h5,d5h5,3,3
00XGg,1,h7h2,h7h2,7,7,1,h7h2,h7h2,7,7
00XL2,1,e5f3,e5f3,3,3,1,e5f3,e5f3,3,3
00XNY,0,c3h8,h4h8,0,1,0,c3h8,h4h8,0,1
00XPO,1,e6f5,e6f5,3,3,1,e6f5,e6f5,3,3
00XPh,1,c5d6,c5d6,5,5,1,c5d6,c5d6,5,5
00XQ8,1,f2e3,f2e3,5,5,1,f2e3,f2e3,5,5
00XTV,1,e1e2,e1e2,3,7,1,e1e2,e1e2,3,7
00XXM,1,c3c4,c3c4,5,5,1,c3c4,c3c4,1,5
00XZR,1,f1e2,f1e2,1,5,1,f1e2,f1e2,1,5
00XbN,1,g6f7,g6f7,3,3,1,g6f7,g6f7,3,3
00Xdc,1,f8g6,f8g6,1,1,1,f8g6,f8g6,1,1
00Xfn,1,h1h8,h1h8,1,1,1,h1h8,h1h8,1,1
00Xiu,1,h4e1,h4e1,1,1,1,h4e1,h4e1,1,1
00Xn1,1,d8d1,d8d1,1,1,1,d8d1,d8d1,1,1
00XoP,1,g6g1,g6g1,3,3,1,g6g1,g6g1,2,3
00Xop,1,d8c7,d8c7,3,3,1,d8c7,d8c7,3,3
00Xp9,1,e5c4,e5c4,3,3,1,e5c4,e5c4,3,3
00XqB,1,d6f4,d6f4,3,3,1,d6f4,d6f4,3,3
00Xr8,1,b2c1,b2c1,1,5,1,b2c1,b2c1,1,5
00Y1c,1,c5f2,c5f2,3,3,1,c5f2,c5f2,3,3
00Y5Q,1,e7g5,e7g5,3,3,1,e7g5,e7g5,3,3
00Y6y,1,d2f1,d2f1,5,5,1,d2f1,d2f1,5,5
00YCP,1,c1e3,c1e3,1,3,1,c1e3,c1e3,1,3
00YHj,1,d3e3,d3e3,3,5,1,d3e3,d3e3,3,5
00YJz,1,d5d1,d5d1,3,3,1,d5d1,d5d1,3,3
00YYk,1,f3f8,f3f8,1,5,1,f3f8,f3f8,5,5
00YbG,1,d4c4,d4c4,1,3,1,d4c4,d4c4,1,3
00YbZ,1,f4h4,f4h4,3,3,1,f4h4,f4h4,3,3
00Ybq,1,e4b7,e4b7,3,3,1,e4b7,e4b7,3,3
00Ycz,1,c2f2,c2f2,5,5,1,c2f2,c2f2,5,5
00Ydr,1,e2h5,e2h5,3,3,1,e2h5,e2h5,3,3
00YeV,1,e3g5,e3g5,3,5,1,e3g5,e3g5,3,5
00Yey,1,d6h2,d6h2,3,3,1,d6h2,d6h2,3,3
00Yfi,1,e6f5,e6f5,1,1,1,e6f5,e6f5,1,1
00Yfr,1,c2c8,c2c8,3,3,1,c2c8,c2c8,3,3
00Ygn,1,a5c4,a5c4,3,3,1,a5c4,a5c4,3,3
00YhS,1,e4f3,e4f3,5,5,1,e4f3,e4f3,1,5
00YhY,1,c2c1,c2c1,3,3,1,c2c1,c2c1,3,3
00YjD,1,c2c4,c2c4,1,5,1,c2c4,c2c4,1,5
00Yjy,1,g4h4,g4h4,3,7,1,g4h4,g4h4,7,7
00YqR,1,h5f3,h5f3,1,1,1,h5f3,h5f3,1,1
00Yqb,1,h6h3,h6h3,3,5,1,h6h3,h6h3,5,5
00Yqw,1,c6d7,c6d7,1,3,1,c6d7,c6d7,1,3
00Ytk,1,c3d2,c3d2,5,5,1,c3d2,c3d2,5,5
00Yuf,1,f5c2,f5c2,3,3,1,f5c2,f5c2,3,3
00Yy4,1,h5g3,h5g3,3,3,1,h5g3,h5g3,3,3
00Z8S,1,h3g1,h3g1,3,3,1,h3g1,h3g1,3,3
00ZAn,1,d6e5,d6e5,5,5,1,d6e5,d6e5,5,5
00ZDZ,1,f5e5,f5e5,1,5,1,f5e5,f5e5,1,5
00ZEW,1,e2h5,e2h5,3,5,1,e2h5,e2h5,5,5
00ZEc,1,g6g7,g6g7,1,3,1,g6g7,g6g7,1,3
00ZK8,1,f3g5,f3g5,3,3,1,f3g5,f3g5,3,3
00ZKw,1,d8d1,d8d1,3,3,1,d8d1,d8d1,3,3
00ZN7,1,d8h4,d8h4,3,3,1,d8h4,d8h4,3,3
00ZPK,1,d7f7,d7f7,5,5,1,d7f7,d7f7,5,5
00ZR6,1,h4f3,h4f3,1,3,1,h4f3,h4f3,3,3
00ZSZ,1,f6e5,f6e5,1,5,1,f6e5,f6e5,1,5
00ZSd,1,e3h3,e3h3,5,5,1,e3h3,e3h3,5,5
00ZSu,1,f2e3,f2e3,3,3,1,f2e3,f2e3,3,3
00ZWD,1,d3h7,d3h7,3,3,1,d3h7,d3h7,3,3
00ZWf,1,f8d6,f8d6,1,3,1,f8d6,f8d6,1,3
00ZcN,1,h1h8,h1h8,3,3,1,h1h8,h1h8,3,3
00ZeT,1,c4b5,c4b5,3,3,1,c4b5,c4b5,3,3
00Zh6,1,e4f6,e4f6,1,1,1,e4f6,e4f6,1,1
00Zit,1,h4f3,h4f3,3,3,1,h4f3,h4f3,3,3
00Zks,1,a7a8q,a7a8q,1,3,1,a7a8q,a7a8q,3,3
00ZsF,1,g2h3,g2h3,3,3,1,g2h3,g2h3,3,3
00ZvN,1,g3f4,g3f4,3,5,1,g3f4,g3f4,3,5
00Zwc,1,e7e8,e7e8,1,1,1,e7e8,e7e8,1,1
00Zx9,1,d1d8,d1d8,1,1,1,d1d8,d1d8,1,1
00a98,1,f6f3,f6f3,3,3,1,f6f3,f6f3,3,3
00aBq,1,e4e8,e4e8,3,3,1,e4e8,e4e8,3,3
00aCb,1,e4f6,e4f6,3,3,1,e4f6,e4f6,3,3
00aDl,1,a1b1,a1b1,3,3,1,a1b1,a1b1,3,3
00aEe,1,d4e2,d4e2,3,3,1,d4e2,d4e2,3,3
00aG8,1,c6b6,c6b6,5,5,1,c6b6,c6b6,5,5
00aL1,1,f4f5,f4f5,1,3,1,f4f5,f4f5,3,3
00aME,1,c8a6,c8a6,3,3,1,c8a6,c8a6,3,3
00aNB,0,c5c4,b6b5,1,9,1,c5c4,c5c4,3,9
00aOF,1,a5c5,a5c5,3,3,1,a5c5,a5c5,1,3
00aU5,1,c4b5,c4b5,1,3,1,c4b5,c4b5,1,3
00aYp,1,h6f7,h6f7,3,3,1,h6f7,h6f7,3,3
00aZ3,1,b3d5,b3d5,3,7,1,b3d5,b3d5,7,7
00aZP,1,d1d8,d1d8,1,1,1,d1d8,d1d8,1,1
00aa9,1,f5g4,f5g4,5,5,1,f5g4,f5g4,5,5
00abm,1,d1a4,d1a4,3,3,1,d1a4,d1a4,1,3
00ad3,1,e5h2,e5h2,1,1,1,e5h2,e5h2,1,1
00afi,1,e5g5,e5g5,7,7,1,e5g5,e5g5,7,7
00agR,1,f6e4,f6e4,1,3,1,f6e4,f6e4,1,3
00all,1,c1c8,c1c8,1,1,1,c1c8,c1c8,1,1
00ao5,1,c4f7,c4f7,5,5,1,c4f7,c4f7,5,5
00asK,1,b3d1,b3d1,3,3,1,b3d1,b3d1,3,3
00au3,1,e8a4,e8a4,3,3,1,e8a4,e8a4,3,3
00awK,1,f7f8,f7f8,3,3,1,f7f8,f7f8,3,3
00awL,1,d7f7,d7f7,3,3,1,d7f7,d7f7,3,3
00ax2,1,h5e8,h5e8,3,3,1,h5e8,h5e8,3,3
00axT,1,d8d3,d8d3,1,5,1,d8d3,d8d3,1,5
00b3n,1,e2h5,e2h5,1,1,1,e2h5,e2h5,1,1
00b58,1,c7h2,c7h2,1,1,1,c7h2,c7h2,1,1
00b6f,1,h2h5,h2h5,5,5,1,h2h5,h2h5,5,5
00b7t,1,e8e4,e8e4,5,5,1,e8e4,e8e4,5,5
00bFH,1,e8e1,e8e1,3,3,1,e8e1,e8e1,3,3
00bGp,1,e4e8,e4e8,5,5,1,e4e8,e4e8,5,5
00bGq,1,e6f7,e6f7,5,5,1,e6f7,e6f7,5,5
00bJi,1,h2d2,h2d2,1,1,1,h2d2,h2d2,1,1
00bPT,1,f1h3,f1h3,3,3,1,f1h3,f1h3,3,3
00bQA,1,e6e7,e6e7,5,7,1,e6e7,e6e7,3,7
00bQR,1,a4a5,a4a5,5,5,1,a4a5,a4a5,5,5
00bSy,1,e8e1,e8e1,1,1,1,e8e1,e8e1,1,1
00bTb,1,f1f8,f1f8,5,5,1,f1f8,f1f8,5,5
00bTs,1,e4d2,e4d2,3,3,1,e4d2,e4d2,3,3
00bWA,1,e7c5,e7c5,1,3,1,e7c5,e7c5,1,3
00bZ2,1,d4g7,d4g7,1,1,1,d4g7,d4g7,1,1
00baZ,1,g5f3,g5f3,3,3,1,g5f3,g5f3,3,3
00baa,1,d6e5,d6e5,1,5,1,d6e5,d6e5,3,5
00beo,1,g6g2,g6g2,1,1,1,g6g2,g6g2,1,1
00bgO,1,d5b6,d5b6,1,3,1,d5b6,d5b6,1,3
00bhw,1,d5e4,d5e4,3,3,1,d5e4,d5e4,3,3
00blC,1,f8f5,f8f5,1,5,1,f8f5,f8f5,1,5
00bmj,1,c7c5,c7c5,9,9,1,c7c5,c7c5,1,9
00bnX,1,h5h7,h5h7,1,1,1,h5h7,h5h7,1,1
00bns,1,f5e7,f5e7,3,3,1,f5e7,f5e7,3,3
00bnu,1,g5f4,g5f4,3,3,1,g5f4,g5f4,3,3
00bou,1,e2h5,e2h5,3,3,1,e2h5,e2h5,3,3
00bpH,1,c1f4,c1f4,3,3,1,c1f4,c1f4,3,3
00bqJ,1,f5c2,f5c2,5,5,1,f5c2,f5c2,5,5
00bri,1,f3f6,f3f6,3,3,1,f3f6,f3f6,3,3
00bvs,1,g4g2,g4g2,3,5,1,g4g2,g4g2,3,5
00byq,1,c7c1,c7c1,7,7,1,c7c1,c7c1,7,7
00bzC,1,h3g2,h3g2,1,1,1,h3g2,h3g2,1,1
00bzy,1,b1b4,b1b4,3,3,1,b1b4,b1b4,3,3
00c0D,1,g4f2,g4f2,1,1,1,g4f2,g4f2,1,1
00c6X,1,h5h6,h5h6,1,1,1,h5h6,h5h6,1,1
00c89,1,g3g7,g3g7,1,1,1,g3g7,g3g7,1,1
00cJo,1,a1a8,a1a8,3,3,1,a1a8,a1a8,3,3
